LITTLE TALKS,OF MONSTERS AND MEN,0,1,07/01/14 22:29,
GUNS&AMMUNITION,JULY TALK,0,1,07/01/14 22:33,
DRIVE,R.E.M.,0,1,07/01/14 22:37,
DRIVE,R.E.M.,0,1,07/01/14 22:41,
IT'S ABOUT TIME,YOUNG THE GIANT,0,1,07/01/14 22:45,
HEAVEN KNOWS,THE PRETTY RECKLESS,0,1,07/01/14 22:49,
HEAVEN KNOWS,THE PRETTY RECKLESS,0,1,07/01/14 22:53,
SOUR GIRL,STONE TEMPLE PILOTS,0,1,07/01/14 22:57,
TAKE IT ON FAITH,MATT MAYS,0,1,07/01/14 23:01,
GLYCERINE,BUSH,0,1,07/01/14 23:05,
MADNESS,MUSE,0,1,07/01/14 23:09,
LOST IN YOU,THREE DAYS GRACE,0,1,07/01/14 23:13,
FOREVER,HAIM,0,1,07/01/14 23:17,
PIECES,SUM 41,0,1,07/01/14 23:21,
THE DOG IS MINE,K-OS,0,1,07/01/14 23:25,
USED TO BE ALRIGHT,I MOTHER EARTH,0,1,07/01/14 23:29,
USED TO BE ALRIGHT,I MOTHER EARTH,0,1,07/01/14 23:33,
SIMPLY SIMPLE,MOTHER MOTHER,0,1,07/01/14 23:37,
SIMPLY SIMPLE,MOTHER MOTHER,0,1,07/01/14 23:41,
DRIVE,INCUBUS,0,1,07/01/14 23:45,
OUT OF MY HEAD,JUNKHOUSE,0,1,07/01/14 23:49,
STAND UP AND RUN,BILLY TALENT,0,1,07/01/14 23:53,
AUTOMATIC FLOWERS,OUR LADY PEACE,0,1,07/01/14 23:57,
AUTOMATIC FLOWERS,OUR LADY PEACE,0,1,08/01/14 00:01,
GET LUCKY,DAFT PUNK,0,1,08/01/14 00:05,
DO I WANNA KNOW?,ARCTIC MONKEYS,0,1,08/01/14 00:09,
BRASS MONKEY,BEASTIE BOYS,0,1,08/01/14 00:13,
STADIUM LOVE,METRIC,0,1,08/01/14 00:17,
SELF ESTEEM,THE OFFSPRING,0,1,08/01/14 00:21,
SELF ESTEEM,THE OFFSPRING,0,1,08/01/14 00:25,
I SAT BY THE OCEAN,QUEENS OF THE STONE AGE,0,1,08/01/14 00:29,
HEAVEN KNOWS,THE PRETTY RECKLESS,0,1,08/01/14 20:51,
HEAVEN KNOWS,THE PRETTY RECKLESS,0,1,08/01/14 20:55,
THE HAND THAT FEEDS,NINE INCH NAILS,0,1,08/01/14 20:59,
GOING WITH YOU,SEBASTIEN GRAINGER,0,1,08/01/14 21:03,
GOING WITH YOU,SEBASTIEN GRAINGER,0,1,08/01/14 21:07,
HO HEY,THE LUMINEERS,0,1,08/01/14 21:11,
LITHIUM,NIRVANA,0,1,08/01/14 21:15,
IT'S ABOUT TIME,YOUNG THE GIANT,0,1,08/01/14 21:19,
IT'S ABOUT TIME,YOUNG THE GIANT,0,1,08/01/14 21:23,
WE STILL NEED A SONG,HAWKSLEY WORKMAN,0,1,08/01/14 21:27,
COME OUT&PLAY,THE OFFSPRING,0,1,08/01/14 21:31,
MOTHER,SAID THE WHALE,0,1,08/01/14 21:35,
MOTHER,SAID THE WHALE,0,1,08/01/14 21:39,
YELLOW,COLDPLAY,0,1,08/01/14 21:43,
FOREVER,HAIM,0,1,08/01/14 21:47,
FOREVER,HAIM,0,1,08/01/14 21:51,
DO I WANNA KNOW?,ARCTIC MONKEYS,0,1,08/01/14 21:55,
BIT BY BIT,MOTHER MOTHER,0,1,08/01/14 21:59,
RADIOACTIVE,IMAGINE DRAGONS,0,1,08/01/14 22:03,
LIKE A STONE,AUDIOSLAVE,0,1,08/01/14 22:07,
ARROWS OF DESIRE,MATTHEW GOOD,0,1,08/01/14 22:11,
LOVE WILL TEAR US APART,JOY DIVISION,0,1,08/01/14 22:15,
LOVE WILL TEAR US APART,JOY DIVISION,0,1,08/01/14 22:19,
SIRENS,PEARL JAM,0,1,08/01/14 22:23,
ALL THESE THINGS THAT I'VE DONE,THE KILLERS,0,1,08/01/14 22:27,
THE GRAND OPTIMIST,CITY&COLOUR,0,1,08/01/14 22:31,
THE GRAND OPTIMIST,CITY&COLOUR,0,1,08/01/14 22:35,
I SAT BY THE OCEAN,QUEENS OF THE STONE AGE,0,1,08/01/14 22:39,
ME HERO,FOO FIGHTERS,0,1,08/01/14 22:43,
BREATHING UNDERWATER,METRIC,0,1,08/01/14 22:47,
THE WALKER,FITZ&THE TANTRUMS,0,1,08/01/14 22:51,
HARLEM,NEW POLITICS,0,1,08/01/14 22:55,
FALLEN LEAVES,BILLY TALENT,0,1,08/01/14 22:59,
BEVERLY HILLS,WEEZER,0,1,08/01/14 23:03,
SO IT GOES,HOLLERADO,0,1,08/01/14 23:07,
LOOKING FOR A PLACE TO HAPPEN,THE TRAGICALLY HIP,0,1,08/01/14 23:11,
DIRTY PAWS,OF MONSTERS AND MEN,0,1,08/01/14 23:15,
SPACEMAN,BIF NAKED,0,1,08/01/14 23:19,
HARD ROAD,SAM ROBERTS,0,1,08/01/14 23:23,
MAKES NO DIFFERENCE,SUM 41,0,1,16/01/14 23:56
I HEARD I HAD,DEAR ROUGE,0,1,17/01/14 00:00
LOSER,BECK,0,1,17/01/14 00:04
THE WALKER,FITZ THE TANTRUMS,0,1,17/01/14 00:08
WELCOME TO PARADISE,GREEN DAY,0,1,17/01/14 00:12
HAD IT COMING,MATTHEW GOOD,0,1,17/01/14 00:16
RECOVERY,FRANK TURNER,0,1,17/01/14 00:20
RECOVERY,FRANK TURNER,0,1,17/01/14 00:24
MOTHER,SAID THE WHALE,0,1,17/01/14 00:28
IN THE END,LINKIN PARK,0,1,17/01/14 00:32
CANNIBAL,SILVERSUN PICKUPS,0,1,17/01/14 00:36
CANNIBAL,SILVERSUN PICKUPS,0,1,17/01/14 00:40
CANNIBAL,SILVERSUN PICKUPS,0,1,17/01/14 00:44
TEMPLE,KINGS OF LEON,0,1,17/01/14 00:48
FELL IN LOVE WITH A GIRL,THE WHITE STRIPES,0,1,17/01/14 00:52
STARSEED,OUR LADY PEACE,0,1,17/01/14 00:56
STARSEED,OUR LADY PEACE,0,1,17/01/14 01:00
AFTERLIFE,ARCADE FIRE,0,1,17/01/14 01:04
AFTERLIFE,ARCADE FIRE,0,1,17/01/14 01:08
PERFECT SITUATION,WEEZER,0,1,17/01/14 01:12
HYSTERIA,MUSE,0,1,17/01/14 01:16
WE'RE ALL IN THIS TOGETHER,SAM ROBERTS,0,1,17/01/14 01:20
I'M AFRAID OF AMERICANS,DAVID BOWIE,0,1,17/01/14 01:24
FOREVER,HAIM,0,1,17/01/14 01:31,
TEAM,LORDE,0,1,17/01/14 08:19,
TEAM,LORDE,0,1,17/01/14 08:23,
MACHINEHEAD,BUSH,0,1,17/01/14 08:27,
MACHINEHEAD,BUSH,0,1,17/01/14 08:31,
MACHINEHEAD,BUSH,0,1,17/01/14 08:35,
WAYS TO GO,GROUPLOVE,0,1,17/01/14 08:39,
WAYS TO GO,GROUPLOVE,0,1,17/01/14 08:43,
WAYS TO GO,GROUPLOVE,0,1,17/01/14 08:47,
LITHIUM,NIRVANA,0,1,17/01/14 08:51,
THE STAND,MOTHER MOTHER,0,1,17/01/14 08:55,
THE STAND,MOTHER MOTHER,0,1,17/01/14 08:59,
COME A LITTLE CLOSER,CAGE THE ELEPHANT,0,1,17/01/14 09:03,
COME A LITTLE CLOSER,CAGE THE ELEPHANT,0,1,17/01/14 09:07,
WELCOME,HEY ROSETTA!,0,1,17/01/14 09:11,
CAPITAL G,NINE INCH NAILS,0,1,17/01/14 09:15,
THE SLO,THE BALCONIES,0,1,17/01/14 09:19,
THE SLO,THE BALCONIES,0,1,17/01/14 09:23,
CLAMPDOWN,THE CLASH,0,1,17/01/14 09:27,
CLAMPDOWN,THE CLASH,0,1,17/01/14 09:31,
THAT SONG,BIG WRECK,0,1,17/01/14 09:35,
THAT SONG,BIG WRECK,0,1,17/01/14 09:39,
I SAT BY THE OCEAN,QUEENS OF THE STONE AGE,0,1,17/01/14 09:43,
HASH PIPE,WEEZER,0,1,17/01/14 09:47,
FEELING GOOD,THE SHEEPDOGS,0,1,17/01/14 09:51,
FEELING GOOD,THE SHEEPDOGS,0,1,17/01/14 09:55,
USE SOMEBODY,KINGS OF LEON,0,1,17/01/14 09:59,
TONIGHT TONIGHT,THE SMASHING PUMPKINS,0,1,17/01/14 10:03,
TONIGHT TONIGHT,THE SMASHING PUMPKINS,0,1,17/01/14 10:07,
IT'S ABOUT TIME,YOUNG THE GIANT,0,1,17/01/14 10:11,
LOCKED IN THE TRUNK OF A CAR,THE TRAGICALLY HIP,0,1,17/01/14 10:15,
HERE IT GOES AGAIN,OK GO,0,1,17/01/14 10:19,
HERE IT GOES AGAIN,OK GO,0,1,17/01/14 10:23,
HOW COME YOU NEVER GO THERE,FEIST,0,1,17/01/14 10:27,
WHAT I GOT,SUBLIME,0,1,17/01/14 10:31,
DO I WANNA KNOW ,ARCTIC MONKEYS,0,1,17/01/14 10:35,
SURPRISE SURPRISE,BILLY TALENT,0,1,17/01/14 10:39,
SURPRISE SURPRISE,BILLY TALENT,0,1,17/01/14 10:43,
ROYALS,LORDE,0,1,17/01/14 10:47,
BETTER MAN,PEARL JAM,0,1,17/01/14 10:51,
AFTERLIFE,ARCADE FIRE,0,1,17/01/14 10:55,
AFTERLIFE,ARCADE FIRE,0,1,17/01/14 10:59,
NEVER GONNA GIVE YOU UP,JULIAN TAYLOR BAND,0,1,17/01/14 11:03,
AFRAID,THE NEIGHBOURHOOD,0,1,17/01/14 11:07,
AFRAID,THE NEIGHBOURHOOD,0,1,17/01/14 11:11,
MICHIGAN LEFT,ARKELLS,0,1,17/01/14 11:15,
SAVIOR,RISE AGAINST,0,1,17/01/14 11:19,
GOING WITH YOU,SEBASTIEN GRAINGER,0,1,17/01/14 11:23,
GOING WITH YOU,SEBASTIEN GRAINGER,0,1,17/01/14 11:27,
GOING WITH YOU,SEBASTIEN GRAINGER,0,1,17/01/14 11:31,
CHAMPAGNE SUPERNOVA,OASIS,0,1,17/01/14 11:35,
THE WALKER,FITZ THE TANTRUMS,0,1,17/01/14 11:39,
STEREO,THE WATCHMEN,0,1,17/01/14 11:43,
STEREO,THE WATCHMEN,0,1,17/01/14 11:47,
WEIGHTLESS,CITY COLOUR,0,1,17/01/14 11:51,
SONG 2,BLUR,0,1,17/01/14 11:55,
WE'RE ALL IN THIS TOGETHER (LIVE ACOUSTIC),SAM ROBERTS,0,1,17/01/14 11:59,
DRIVE,INCUBUS,0,1,17/01/14 12:03,
DRIVE,INCUBUS,0,1,17/01/14 12:07,
HOWLIN'FOR YOU,THE BLACK KEYS,0,1,17/01/14 12:11,
SIMPLY SIMPLE,MOTHER MOTHER,0,1,17/01/14 12:15,
OCEAN PEARL,54-40,0,1,17/01/14 12:19,
OCEAN PEARL,54-40,0,1,17/01/14 12:23,
I WILL WAIT,MUMFORD SONS,0,1,17/01/14 12:27,
SMILE WAVE,HEADSTONES,0,1,17/01/14 12:31,
AIN'T THAT THE TRUTH,MATT MAYS,0,1,17/01/14 12:35,
AIN'T THAT THE TRUTH,MATT MAYS,0,1,17/01/14 12:39,
COMING OF AGE,FOSTER THE PEOPLE,0,1,17/01/14 12:43,
WHAT'S THE FREQUENCY KENNETH ,R.E.M.,0,1,17/01/14 12:47,
STADIUM LOVE,METRIC,0,1,17/01/14 12:51,
STADIUM LOVE,METRIC,0,1,17/01/14 12:55,
YIN YANG,UBIQUITOUS SYNERGY SEEKER,0,1,17/01/14 12:59,
SMELLS LIKE TEEN SPIRIT,NIRVANA,0,1,17/01/14 13:03,
PSYCHO KILLER,TALKING HEADS,0,1,17/01/14 13:07,
SYMBOLISTIC WHITE WALLS,MATTHEW GOOD,0,1,17/01/14 13:11,
SYMBOLISTIC WHITE WALLS,MATTHEW GOOD,0,1,17/01/14 13:15,
ONE MORE ASTRONAUT,I MOTHER EARTH,0,1,17/01/14 13:19,
ONE MORE ASTRONAUT,I MOTHER EARTH,0,1,17/01/14 13:23,
ONE MORE ASTRONAUT,I MOTHER EARTH,0,1,17/01/14 13:27,
VASOLINE,STONE TEMPLE PILOTS,0,1,17/01/14 13:31,
VASOLINE,STONE TEMPLE PILOTS,0,1,17/01/14 13:35,
DEVIL'S HAIRCUT,BECK,0,1,17/01/14 13:39,
DEVIL'S HAIRCUT,BECK,0,1,17/01/14 13:43,
EAT MY BRAIN,THE ODDS,0,1,17/01/14 13:47,
SUNDAY BLOODY SUNDAY,U2,0,1,17/01/14 13:51,
HELL SONG,SUM 41,0,1,17/01/14 13:55,
HELL SONG,SUM 41,0,1,17/01/14 13:59,
IF SO,ATLAS GENIUS,0,1,17/01/14 14:03,
EXODUS OF THE YEAR,ROYAL CANOE,0,1,17/01/14 14:07,
SEVEN NATION ARMY,THE WHITE STRIPES,0,1,17/01/14 14:11,
I SAT BY THE OCEAN,QUEENS OF THE STONE AGE,0,1,17/01/14 14:15,
STARGAZER,THE TEA PARTY,0,1,17/01/14 14:19,
STARGAZER,THE TEA PARTY,0,1,17/01/14 14:23,
STARGAZER,THE TEA PARTY,0,1,17/01/14 14:27,
BUDDY HOLLY,WEEZER,0,1,17/01/14 14:31,
BUDDY HOLLY,WEEZER,0,1,17/01/14 14:35,
HOT TONIGHT,TOKYO POLICE CLUB,0,1,17/01/14 14:39,
DAMMIT,BLINK-182,0,1,17/01/14 14:43,
SHE WANTS TO KNOW,HALF MOON RUN,0,1,17/01/14 14:47,
REBELLION (LIES),ARCADE FIRE,0,1,17/01/14 14:51,
HERE COMES YOUR MAN,THE PIXIES,0,1,17/01/14 14:56,
THIS IS THE BEST,UBIQUITOUS SYNERGY SEEKER,0,1,17/01/14 15:00,
THIS IS THE BEST,UBIQUITOUS SYNERGY SEEKER,0,1,17/01/14 15:04,
SOMEBODY THAT I USED TO KNOW FEAT. KIMBRA,GOTYE,0,1,17/01/14 15:08,
GUNS AMMUNITION,JULY TALK,0,1,17/01/14 15:12,
THEM KIDS,SAM ROBERTS,0,1,17/01/14 15:16,
IT'S ABOUT TIME,YOUNG THE GIANT,0,1,17/01/14 15:20,
IT'S ABOUT TIME,YOUNG THE GIANT,0,1,17/01/14 15:24,
TIMES LIKE THESE,FOO FIGHTERS,0,1,17/01/14 15:28,
THE LONELY LIFE,CITY COLOUR,0,1,17/01/14 15:32,
BEAST,NICO VEGA,0,1,17/01/14 15:36,
BEAST,NICO VEGA,0,1,17/01/14 15:40,
DO I WANNA KNOW ,ARCTIC MONKEYS,0,1,17/01/14 15:44,
SILVER,MOIST,0,1,17/01/14 15:48,
SILVER,MOIST,0,1,17/01/14 15:52,
HURRICANE,MS MR,0,1,17/01/14 15:56,
HURRICANE,MS MR,0,1,17/01/14 16:00,
GOOD DAY AT THE RACES,HOLLERADO,0,1,17/01/14 16:04,
LAST KISS,PEARL JAM,0,1,17/01/14 16:08,
I LOVE YOU,SAID THE WHALE,0,1,17/01/14 16:12,
AFRAID,THE NEIGHBOURHOOD,0,1,17/01/14 16:16,
AMERICAN PSYCHO,TREBLE CHARGER,0,1,17/01/14 16:20,
AMERICAN PSYCHO,TREBLE CHARGER,0,1,17/01/14 16:24,
MARY GO ROUND,SERENA RYDER,0,1,17/01/14 16:28,
BASKETCASE,GREEN DAY,0,1,17/01/14 16:32,
BASKETCASE,GREEN DAY,0,1,17/01/14 16:36,
SAFE AND SOUND,CAPITAL CITIES,0,1,17/01/14 16:40,
MY FRIENDS,RED HOT CHILI PEPPERS,0,1,17/01/14 16:44,
BREATHING UNDERWATER,METRIC,0,1,17/01/14 16:48,
BREATHING UNDERWATER,METRIC,0,1,17/01/14 16:52,
RECOVERY,FRANK TURNER,0,1,17/01/14 16:56,
YIN YANG,UBIQUITOUS SYNERGY SEEKER,0,1,17/01/14 17:00,
YIN YANG,UBIQUITOUS SYNERGY SEEKER,0,1,17/01/14 17:04,
FEEL GOOD INC.,GORILLAZ,0,1,17/01/14 17:08,
ANDREW W.K.,PARTY HARD,0,1,17/01/14 17:12,
MADNESS (LIVE AT ROME OLYMPIC STADIUM),MUSE,0,1,17/01/14 17:16,
COMING OF AGE,FOSTER THE PEOPLE,0,1,17/01/14 17:20,
COMING OF AGE,FOSTER THE PEOPLE,0,1,17/01/14 17:24,
HEY MAN NICE SHOT,FILTER,0,1,17/01/14 17:28,
WHISTLEBLOWER,ARKELLS,0,1,17/01/14 17:32,
R U MINE ,ARCTIC MONKEYS,0,1,17/01/14 17:36,
PRIDE (IN THE NAME OF LOVE),U2,0,1,17/01/14 17:40,
REFLEKTOR,ARCADE FIRE,0,1,17/01/14 17:44,
REFLEKTOR,ARCADE FIRE,0,1,17/01/14 17:48,
PEDAL TO THE METAL,KAZZER,0,1,17/01/14 17:52,
SANTA MONICA,EVERCLEAR,0,1,17/01/14 17:56,
THE SLO,THE BALCONIES,0,1,17/01/14 18:00,
THE SLO,THE BALCONIES,0,1,17/01/14 18:04,
HOT TONIGHT,TOKYO POLICE CLUB,0,1,17/01/14 18:08,
WHERE HAVE ALL THE GOOD PEOPLE GONE ,SAM ROBERTS,0,1,17/01/14 18:12,
HOLDING ON FOR LIFE,BROKEN BELLS,0,1,17/01/14 18:16,
HOLDING ON FOR LIFE,BROKEN BELLS,0,1,17/01/14 18:20,
POMPEII,BASTILLE,0,1,17/01/14 18:24,
POMPEII,BASTILLE,0,1,17/01/14 18:28,
DIRTY PAWS,OF MONSTERS AND MEN,0,1,17/01/14 18:32,
I HEAR YOU CALLING,GOB,0,1,17/01/14 18:36,
I HEAR YOU CALLING,GOB,0,1,17/01/14 18:40,
TEAM,LORDE,0,1,17/01/14 18:44,
LOVE SONG,THE CURE,0,1,17/01/14 18:48,
MOTHER,SAID THE WHALE,0,1,17/01/14 18:52,
MOTHER,SAID THE WHALE,0,1,17/01/14 18:56,
WOLVES,BIG WRECK,0,1,17/01/14 19:00,
WOLVES,BIG WRECK,0,1,17/01/14 19:04,
COME A LITTLE CLOSER,CAGE THE ELEPHANT,0,1,17/01/14 19:08,
GLYCERINE,BUSH,0,1,17/01/14 19:12,
UNBELIEVERS,VAMPIRE WEEKEND,0,1,17/01/14 19:16,
DIGGIN'A HOLE,BIG SUGAR,0,1,17/01/14 19:20,
DIGGIN'A HOLE,BIG SUGAR,0,1,17/01/14 19:24,
HOLIDAY,GREEN DAY,0,1,17/01/14 19:28,
CALL ME IN THE AFTERNOON,HALF MOON RUN,0,1,17/01/14 19:32,
BULLS ON PARADE,RAGE AGAINST THE MACHINE,0,1,17/01/14 19:36,
I HEARD I HAD,DEAR ROUGE,0,1,17/01/14 19:40,
I HEARD I HAD,DEAR ROUGE,0,1,17/01/14 19:44,
I HEARD I HAD,DEAR ROUGE,0,1,17/01/14 19:48,
HIGH AND DRY,RADIOHEAD,0,1,17/01/14 19:52,
FALL IN LOVE,PHANTOGRAM,0,1,17/01/14 19:56,
FALL IN LOVE,PHANTOGRAM,0,1,17/01/14 20:00,
FAT LIP,SUM 41,0,1,17/01/14 20:04,
IT'S ABOUT TIME,YOUNG THE GIANT,0,1,17/01/14 20:08,
DOG DAYS ARE OVER,FLORENCE + THE MACHINE,0,1,17/01/14 20:12,
SUPERSOAKER,KINGS OF LEON,0,1,17/01/14 20:16,
SO HARD DONE BY,THE TRAGICALLY HIP,0,1,17/01/14 20:20,
SO HARD DONE BY,THE TRAGICALLY HIP,0,1,17/01/14 20:24,
BURY THE GUNS,AUTUMNS CANNON,0,1,17/01/14 20:28,
DO I WANNA KNOW ,ARCTIC MONKEYS,0,1,17/01/14 20:32,
COULD YOU BE LOVED ,BOB MARLEY THE WAILERS,0,1,17/01/14 20:36,
WE'RE ALL IN THIS TOGETHER,SAM ROBERTS,0,1,17/01/14 20:40,
WE'RE ALL IN THIS TOGETHER,SAM ROBERTS,0,1,17/01/14 20:44,
ON TOP OF THE WORLD,IMAGINE DRAGONS,0,1,17/01/14 20:48,
SWEETNESS,JIMMY EAT WORLD,0,1,17/01/14 20:52,
GOING WITH YOU,SEBASTIEN GRAINGER,0,1,17/01/14 20:56,
GOING WITH YOU,SEBASTIEN GRAINGER,0,1,17/01/14 21:00,
HARLEM,NEW POLITICS,0,1,17/01/14 21:04,
HARLEM,NEW POLITICS,0,1,17/01/14 21:08,
GIVEN TO FLY,PEARL JAM,0,1,17/01/14 21:12,
GIVEN TO FLY,PEARL JAM,0,1,17/01/14 21:16,
GIVEN TO FLY,PEARL JAM,0,1,17/01/14 21:20,
BRAND NEW CADILLAC,THE CLASH,0,1,17/01/14 21:24,
ON PAPER,ARKELLS,0,1,17/01/14 21:28,
AIN'T THAT THE TRUTH,MATT MAYS,0,1,17/01/14 21:32,
AIN'T THAT THE TRUTH,MATT MAYS,0,1,17/01/14 21:36,
AIN'T THAT THE TRUTH,MATT MAYS,0,1,17/01/14 21:40,
NO ONE KNOWS,QUEENS OF THE STONE AGE,0,1,17/01/14 21:44,
STOMPA (LIVE),SERENA RYDER,0,1,17/01/14 21:48,
CANNIBAL,SILVERSUN PICKUPS,0,1,17/01/14 21:52,
DIANE YOUNG,VAMPIRE WEEKEND,0,1,17/01/14 21:56,
ALERT STATUS RED,MATTHEW GOOD,0,1,17/01/14 22:00,
ALERT STATUS RED,MATTHEW GOOD,0,1,17/01/14 22:04,
LEARN TO FLY,FOO FIGHTERS,0,1,17/01/14 22:08,
YIN YANG,UBIQUITOUS SYNERGY SEEKER,0,1,17/01/14 22:12,
SCHISM,TOOL,0,1,17/01/14 22:16,
SCHISM,TOOL,0,1,17/01/14 22:20,
SCHISM,TOOL,0,1,17/01/14 22:24,
TEMPLE,KINGS OF LEON,0,1,17/01/14 22:28,
NICE TO KNOW YOU,INCUBUS,0,1,17/01/14 22:32,
HEAVEN KNOWS,THE PRETTY RECKLESS,0,1,17/01/14 22:36,
HEAVEN KNOWS,THE PRETTY RECKLESS,0,1,17/01/14 22:40,
LIKE A STONE,AUDIOSLAVE,0,1,17/01/14 22:44,
SYNTHETICA,METRIC,0,1,17/01/14 22:48,
SYNTHETICA,METRIC,0,1,17/01/14 22:52,
SYNTHETICA,METRIC,0,1,17/01/14 22:56,
REFLEKTOR,ARCADE FIRE,0,1,17/01/14 23:00,
DIAMOND ON A LANDMINE,BILLY TALENT,0,1,17/01/14 23:04,
DIAMOND ON A LANDMINE,BILLY TALENT,0,1,17/01/14 23:08,
SCAR TISSUE,RED HOT CHILI PEPPERS,0,1,17/01/14 23:12,
DON'T WALK AWAY EILEEN,SAM ROBERTS,0,1,17/01/14 23:16,
HURRICANE,MS MR,0,1,17/01/14 23:20,
HURRICANE,MS MR,0,1,17/01/14 23:24,
CREEP,RADIOHEAD,0,1,17/01/14 23:28,
SAYS THE SPARK,AMOS THE TRANSPARENT,0,1,17/01/14 23:32,
SUPERMAN'S DEAD,OUR LADY PEACE,0,1,17/01/14 23:36,
EXODUS OF THE YEAR,ROYAL CANOE,0,1,17/01/14 23:40,
BRAIN STEW/JADED,GREEN DAY,0,1,17/01/14 23:44,
BRAIN STEW/JADED,GREEN DAY,0,1,17/01/14 23:48,
TEAM,LORDE,0,1,17/01/14 23:52,
TEAM,LORDE,0,1,17/01/14 23:56,
FOR THE MOMENT,GOB,0,1,18/01/14 00:00,
THE ROCKAFELLER SKANK,FATBOY SLIM,0,1,18/01/14 00:04,
COME A LITTLE CLOSER,CAGE THE ELEPHANT,0,1,18/01/14 00:08,
PEACHES,PRESIDENTS OF THE USA,0,1,18/01/14 00:12,
LET GO,R.A.C. FT. KELE AND MNDR,0,1,18/01/14 00:16,
LET GO,R.A.C. FT. KELE AND MNDR,0,1,18/01/14 00:20,
LAST NITE,THE STROKES,0,1,18/01/14 00:24,
THE LONELY LIFE,CITY COLOUR,0,1,18/01/14 00:28,
ORANGE CRUSH,R.E.M.,0,1,18/01/14 00:32,
ORANGE CRUSH,R.E.M.,0,1,18/01/14 00:36,
BLUE MONDAY,NEW ORDER,0,1,18/01/14 00:40,
BLUE MONDAY,NEW ORDER,0,1,18/01/14 00:44,
SELLING THE DRAMA,LIVE,0,1,18/01/14 00:48,
HOLDING ON FOR LIFE,BROKEN BELLS,0,1,18/01/14 00:52,
PANIC STATION,MUSE,0,1,18/01/14 00:56,
WITH OR WITHOUT YOU,U2,0,1,18/01/14 01:00,
IT'S ABOUT TIME,YOUNG THE GIANT,0,1,18/01/14 01:04,
BEST OF YOU,FOO FIGHTERS,0,1,18/01/14 01:08,
DIRTY PAWS,OF MONSTERS AND MEN,0,1,18/01/14 01:12,
LAZY EYE,SILVERSUN PICKUPS,0,1,18/01/14 01:16,
SAFE AND SOUND,CAPITAL CITIES,0,1,18/01/14 01:20,
BEDS ARE BURNING,MIDNIGHT OIL,0,1,18/01/14 01:24,
INVISIBLE,THE ZOLAS,0,1,18/01/14 01:28,
DON'T LOOK BACK IN ANGER,OASIS,0,1,18/01/14 01:32,
UNBELIEVERS,VAMPIRE WEEKEND,0,1,18/01/14 01:36,
WELCOME TO THE BLACK PARADE,MY CHEMICAL ROMANCE,0,1,18/01/14 01:40,
DO I WANNA KNOW ,ARCTIC MONKEYS,0,1,18/01/14 01:44,
CLOCKS,COLDPLAY,0,1,18/01/14 01:48,
MARY GO ROUND,SERENA RYDER,0,1,18/01/14 01:52,
JULIETTE,HOLLERADO,0,1,18/01/14 01:56,
THEM BONES,ALICE IN CHAINS,0,1,18/01/14 02:00,
THEM BONES,ALICE IN CHAINS,0,1,18/01/14 02:04,
AFRAID,THE NEIGHBOURHOOD,0,1,18/01/14 02:08,
EVERYTHING ZEN,BUSH,0,1,18/01/14 02:12,
BALLAD OF HUGO CHAVEZ,ARKELLS,0,1,18/01/14 02:16,
FALL IN LOVE,PHANTOGRAM,0,1,18/01/14 02:20,
INTERSTATE LOVE SONG,STONE TEMPLE PILOTS,0,1,18/01/14 02:24,
MOTHER,SAID THE WHALE,0,1,18/01/14 02:28,
THE WALKER,FITZ THE TANTRUMS,0,1,18/01/14 02:32,
HIGHER GROUND,RED HOT CHILI PEPPERS,0,1,18/01/14 02:36,
COMING OF AGE,FOSTER THE PEOPLE,0,1,18/01/14 02:40,
COME A LITTLE CLOSER,CAGE THE ELEPHANT,0,1,18/01/14 14:40,
SOME NIGHTS,FUN.,0,1,18/01/14 14:44,
AIN'T THAT THE TRUTH,MATT MAYS,0,1,18/01/14 14:48,
AIN'T THAT THE TRUTH,MATT MAYS,0,1,18/01/14 14:52,
OUT OF MY LEAGUE,FITZ THE TANTRUMS,0,1,18/01/14 14:56,
IS ANYBODY HOME,OUR LADY PEACE,0,1,18/01/14 15:00,
PORK AND BEANS,WEEZER,0,1,18/01/14 15:04,
I HEARD I HAD,DEAR ROUGE,0,1,18/01/14 15:08,
CRAWL,KINGS OF LEON,0,1,18/01/14 15:12,
CRAWL,KINGS OF LEON,0,1,18/01/14 15:16,
POMPEII,BASTILLE,0,1,18/01/14 15:20,
LOSER,BECK,0,1,18/01/14 15:24,
FALL IN LOVE,PHANTOGRAM,0,1,18/01/14 15:28,
KEEP THE CAR RUNNING,ARCADE FIRE,0,1,18/01/14 15:32,
KEEP THE CAR RUNNING,ARCADE FIRE,0,1,18/01/14 15:36,
IT'S ABOUT TIME,YOUNG THE GIANT,0,1,18/01/14 15:40,
IT'S ABOUT TIME,YOUNG THE GIANT,0,1,18/01/14 15:44,
EXODUS OF THE YEAR,ROYAL CANOE,0,1,18/01/14 15:48,
EXODUS OF THE YEAR,ROYAL CANOE,0,1,18/01/14 15:52,
DASHBOARD,MODEST MOUSE,0,1,18/01/14 15:56,
LET'S FALL IN LOVE,MOTHER MOTHER,0,1,18/01/14 16:00,
JUST,RADIOHEAD,0,1,18/01/14 16:04,
SHE WANTS TO KNOW,HALF MOON RUN,0,1,18/01/14 16:08,
SAFE AND SOUND,CAPITAL CITIES,0,1,18/01/14 16:12,
BROTHER DOWN,SAM ROBERTS,0,1,18/01/14 16:16,
BROTHER DOWN,SAM ROBERTS,0,1,18/01/14 16:20,
NOT YOUR FAULT,AWOLNATION,0,1,18/01/14 16:24,
DO I WANNA KNOW ,ARCTIC MONKEYS,0,1,18/01/14 16:28,
CLOSER,TEGAN AND SARA,0,1,18/01/14 16:32,
COME AS YOU ARE,NIRVANA,0,1,18/01/14 16:36,
COME AS YOU ARE,NIRVANA,0,1,18/01/14 16:40,
AFRAID,THE NEIGHBOURHOOD,0,1,18/01/14 16:44,
RUSTED FROM THE RAIN,BILLY TALENT,0,1,18/01/14 16:48,
ON TOP OF THE WORLD,IMAGINE DRAGONS,0,1,18/01/14 16:52,
ON TOP OF THE WORLD,IMAGINE DRAGONS,0,1,18/01/14 16:56,
THE LONELY LIFE,CITY COLOUR,0,1,18/01/14 17:00,
WISH YOU WERE HERE,INCUBUS,0,1,18/01/14 17:04,
THE WALKER,FITZ THE TANTRUMS,0,1,18/01/14 17:08,
HARLEM,NEW POLITICS,0,1,18/01/14 17:12,
INVISIBLE,THE ZOLAS,0,1,18/01/14 17:16,
INVISIBLE,THE ZOLAS,0,1,18/01/14 17:20,
FELL IN LOVE WITH A GIRL,THE WHITE STRIPES,0,1,18/01/14 17:24,
THE ROCK SHOW,BLINK-182,0,1,18/01/14 17:28,
CANNIBAL,SILVERSUN PICKUPS,0,1,18/01/14 17:32,
CANNIBAL,SILVERSUN PICKUPS,0,1,18/01/14 17:36,
ALL THESE THINGS THAT I'VE DONE,THE KILLERS,0,1,18/01/14 17:40,
SO IT GOES,HOLLERADO,0,1,18/01/14 17:44,
COMING OF AGE,FOSTER THE PEOPLE,0,1,18/01/14 17:48,
COMING OF AGE,FOSTER THE PEOPLE,0,1,18/01/14 17:52,
BURNING DOWN THE HOUSE,TALKING HEADS,0,1,18/01/14 17:56,
MARY GO ROUND,SERENA RYDER,0,1,18/01/14 18:00,
STUBBORN LOVE,THE LUMINEERS,0,1,18/01/14 18:04,
STUBBORN LOVE,THE LUMINEERS,0,1,18/01/14 18:08,
STUBBORN LOVE,THE LUMINEERS,0,1,18/01/14 18:12,
THE SLO,THE BALCONIES,0,1,18/01/14 18:16,
THE SLO,THE BALCONIES,0,1,18/01/14 18:20,
BEVERLY HILLS,WEEZER,0,1,18/01/14 18:24,
READY TO START,ARCADE FIRE,0,1,18/01/14 18:28,
HEAVEN KNOWS,THE PRETTY RECKLESS,0,1,18/01/14 18:32,
SHE-LA,54-40,0,1,18/01/14 18:36,
SHE-LA,54-40,0,1,18/01/14 18:40,
APPARITIONS,MATTHEW GOOD,0,1,18/01/14 18:44,
HOT TONIGHT,TOKYO POLICE CLUB,0,1,18/01/14 18:48,
HOT TONIGHT,TOKYO POLICE CLUB,0,1,18/01/14 18:52,
OH THE BOSS IS COMING,ARKELLS,0,1,18/01/14 18:56,
DIANE YOUNG,VAMPIRE WEEKEND,0,1,18/01/14 19:00,
DIANE YOUNG,VAMPIRE WEEKEND,0,1,18/01/14 19:04,
ALIVE,PEARL JAM,0,1,18/01/14 19:08,
WE'RE ALL IN THIS TOGETHER (LIVE ACOUSTIC),SAM ROBERTS,0,1,18/01/14 19:12,
WAYS TO GO,GROUPLOVE,0,1,18/01/14 19:16,
WAYS TO GO,GROUPLOVE,0,1,18/01/14 19:20,
BY THE WAY,RED HOT CHILI PEPPERS,0,1,18/01/14 19:24,
BY THIS TIME TOMORROW,HEAD OF THE HERD,0,1,18/01/14 19:28,
FOREVER,HAIM,0,1,18/01/14 19:32,
LOST!,COLDPLAY,0,1,18/01/14 19:36,
LOST!,COLDPLAY,0,1,18/01/14 19:40,
LITTLE LION MAN,MUMFORD SONS,0,1,18/01/14 19:44,
THE IMPRESSION THAT I GET,THE MIGHTY MIGHTY BOSSTONES,0,1,18/01/14 19:48,
THE IMPRESSION THAT I GET,THE MIGHTY MIGHTY BOSSTONES,0,1,18/01/14 19:52,
THE IMPRESSION THAT I GET,THE MIGHTY MIGHTY BOSSTONES,0,1,18/01/14 19:56,
PAPER PLANES,M.I.A.,0,1,18/01/14 20:00,
ALL THAT YOU ARE,ECONOLINE CRUSH,0,1,19/01/14 19:51,
TEAM,LORDE,0,1,19/01/14 19:55,
IT'S ABOUT TIME,YOUNG THE GIANT,0,1,19/01/14 19:59,
IT'S ABOUT TIME,YOUNG THE GIANT,0,1,19/01/14 20:03,
IT'S ABOUT TIME,YOUNG THE GIANT,0,1,19/01/14 20:07,
IT'S ABOUT TIME,YOUNG THE GIANT,0,1,19/01/14 20:11,
IT'S ABOUT TIME,YOUNG THE GIANT,0,1,19/01/14 20:15,
IT'S ABOUT TIME,YOUNG THE GIANT,0,1,19/01/14 20:19,
IT'S ABOUT TIME,YOUNG THE GIANT,0,1,19/01/14 20:23,
IT'S ABOUT TIME,YOUNG THE GIANT,0,1,19/01/14 20:27,
IT'S ABOUT TIME,YOUNG THE GIANT,0,1,19/01/14 20:31,
IT'S ABOUT TIME,YOUNG THE GIANT,0,1,19/01/14 20:35,
IT'S ABOUT TIME,YOUNG THE GIANT,0,1,19/01/14 20:39,
IT'S ABOUT TIME,YOUNG THE GIANT,0,1,19/01/14 20:43,
IT'S ABOUT TIME,YOUNG THE GIANT,0,1,19/01/14 20:47,
IT'S ABOUT TIME,YOUNG THE GIANT,0,1,19/01/14 20:51,
IT'S ABOUT TIME,YOUNG THE GIANT,0,1,19/01/14 20:55,
I SAT BY THE OCEAN,QUEENS OF THE STONE AGE,0,1,19/01/14 20:59,
I SAT BY THE OCEAN,QUEENS OF THE STONE AGE,0,1,19/01/14 21:03,
FLAMING LIPS,DO YOU REAL,0,1,19/01/14 21:07,
FLAMING LIPS,DO YOU REAL,0,1,19/01/14 21:11,
FLAMING LIPS,DO YOU REAL,0,1,19/01/14 21:15,
FLAMING LIPS,DO YOU REAL,0,1,19/01/14 21:19,
FLAMING LIPS,DO YOU REAL,0,1,19/01/14 21:23,
FLAMING LIPS,DO YOU REAL,0,1,19/01/14 21:27,
FLAMING LIPS,DO YOU REAL,0,1,19/01/14 21:31,
HO HEY,THE LUMINEERS,0,1,19/01/14 21:35,
HO HEY,THE LUMINEERS,0,1,19/01/14 21:39,
HO HEY,THE LUMINEERS,0,1,19/01/14 21:43,
HO HEY,THE LUMINEERS,0,1,19/01/14 21:47,
HO HEY,THE LUMINEERS,0,1,19/01/14 21:51,
HO HEY,THE LUMINEERS,0,1,19/01/14 21:55,
I FOUGHT THE LAW,THE CLASH,0,1,19/01/14 21:59,
TEMPLE,KINGS OF LEON,0,1,19/01/14 22:03,
SHORT SKIRT/LONG JACKET,CAKE,0,1,19/01/14 22:07,
MOTHER,SAID THE WHALE,0,1,19/01/14 22:11,
ELDERLY WOMAN BEHIND THE COUNTER IN A SMALL TOWN,PEARL JAM,0,1,19/01/14 22:15,
LOVER OF THE LIGHT,MUMFORD SONS,0,1,19/01/14 22:19,
LOVER OF THE LIGHT,MUMFORD SONS,0,1,19/01/14 22:23,
DRIVE,INCUBUS,0,1,19/01/14 22:27,
FOREVER,HAIM,0,1,19/01/14 22:31,
EVERYTHING IS AUTOMATIC,MATTHEW GOOD,0,1,19/01/14 22:35,
WHEN YOU WERE YOUNG,THE KILLERS,0,1,19/01/14 22:39,
REFLEKTOR,ARCADE FIRE,0,1,19/01/14 22:43,
THE OTHER MAN,SLOAN,0,1,19/01/14 22:47,
THE OTHER MAN,SLOAN,0,1,19/01/14 22:51,
THIRST,CITY COLOUR,0,1,19/01/14 22:55,
GOING WITH YOU,SEBASTIEN GRAINGER,0,1,19/01/14 22:59,
THE WAY IT IS,THE SHEEPDOGS,0,1,19/01/14 23:03,
AIN'T THAT THE TRUTH,MATT MAYS,0,1,19/01/14 23:07,
PULLIN'PUNCHES,ARKELLS,0,1,19/01/14 23:11,
STADIUM LOVE,METRIC,0,1,19/01/14 23:15,
STADIUM LOVE,METRIC,0,1,19/01/14 23:19,
STADIUM LOVE,METRIC,0,1,19/01/14 23:23,
WE'RE ALL IN THIS TOGETHER,SAM ROBERTS,0,1,19/01/14 23:27,
ANGER IS BEAUTY,HAWKSLEY WORKMAN,0,1,19/01/14 23:31,
EXODUS OF THE YEAR,ROYAL CANOE,0,1,19/01/14 23:35,
EXODUS OF THE YEAR,ROYAL CANOE,0,1,19/01/14 23:39,
COURAGE,THE TRAGICALLY HIP,0,1,19/01/14 23:43,
CALL ME IN THE AFTERNOON,HALF MOON RUN,0,1,19/01/14 23:47,
SURRENDER,BILLY TALENT,0,1,19/01/14 23:51,
I HEARD I HAD,DEAR ROUGE,0,1,19/01/14 23:55,
THE BAZAAR,THE TEA PARTY,0,1,19/01/14 23:59,
AFRAID,THE NEIGHBOURHOOD,0,1,20/01/14 00:03,
SEX CANDY,MARCY PLAYGROUND,0,1,20/01/14 00:07,
COMING OF AGE,FOSTER THE PEOPLE,0,1,20/01/14 00:11,
SANTA MONICA,EVERCLEAR,0,1,20/01/14 00:15,
SAYS THE SPARK,AMOS THE TRANSPARENT,0,1,20/01/14 00:19,
SOMEBODY THAT I USED TO KNOW FEAT. KIMBRA,GOTYE,0,1,20/01/14 00:23,
UNBELIEVERS,VAMPIRE WEEKEND,0,1,20/01/14 00:27,
EVEN FLOW,PEARL JAM,0,1,20/01/14 00:31,
MARY GO ROUND,SERENA RYDER,0,1,20/01/14 00:35,
MARY GO ROUND,SERENA RYDER,0,1,20/01/14 00:39,
MINORITY,GREEN DAY,0,1,20/01/14 00:43,
MADNESS,MUSE,0,1,20/01/14 00:47,
ROPE,FOO FIGHTERS,0,1,20/01/14 00:51,
ROPE,FOO FIGHTERS,0,1,20/01/14 00:55,
SPEED OF SOUND,COLDPLAY,0,1,20/01/14 00:59,
DO I WANNA KNOW ,ARCTIC MONKEYS,0,1,20/01/14 01:03,
SUNDAY MORNING,NO DOUBT,0,1,20/01/14 01:07,
WHAT I'VE DONE,LINKIN PARK,0,1,20/01/14 01:11,
DIRTY PAWS,OF MONSTERS AND MEN,0,1,20/01/14 01:15,
AIN'T NO REST FOR THE WICKED,CAGE THE ELEPHANT,0,1,20/01/14 01:19,
RAMONES,SHEENA IS A PUNK,0,1,20/01/14 01:23,
READY TO START,ARCADE FIRE,0,1,20/01/14 01:27,
CAN'T STOP,RED HOT CHILI PEPPERS,0,1,20/01/14 01:31,
TEAM,LORDE,0,1,20/01/14 01:35,
UNDER COVER OF DARKNESS,THE STROKES,0,1,20/01/14 01:39,
INVISIBLE,THE ZOLAS,0,1,20/01/14 01:43,
HURRICANE,MS MR,0,1,20/01/14 01:47,
RADIO CLASH,THE CLASH,0,1,20/01/14 01:51,
TROJANS,ATLAS GENIUS,0,1,20/01/14 01:55,
GET LOOSE,THE SALADS,0,1,20/01/14 01:59,
TEMPLE,KINGS OF LEON,0,1,20/01/14 02:03,
GLYCERINE,BUSH,0,1,20/01/14 02:07,
SWEATER WEATHER,THE NEIGHBOURHOOD,0,1,20/01/14 02:11,
SHE SELLS SANCTUARY,THE CULT,0,1,20/01/14 02:15,
WEIGHTLESS,CITY COLOUR,0,1,20/01/14 02:19,
HEART SHAPED BOX,NIRVANA,0,1,20/01/14 02:23,
ON TOP OF THE WORLD,IMAGINE DRAGONS,0,1,20/01/14 02:27,
DON'T STOP (COLOR ON THE WALLS),FOSTER THE PEOPLE,0,1,20/01/14 02:31,
SHE WANTS TO KNOW,HALF MOON RUN,0,1,20/01/14 02:35,
TOMORROW,SILVERCHAIR,0,1,20/01/14 02:39,
THE WALKER,FITZ THE TANTRUMS,0,1,20/01/14 02:43,
PERSONAL JESUS,DEPECHE MODE,0,1,20/01/14 02:47,
HOLDING ON FOR LIFE,BROKEN BELLS,0,1,20/01/14 02:51,
WE ARE YOUNG,FUN. FEAT JANELLE MONAE,0,1,20/01/14 02:55,
THE SLO,THE BALCONIES,0,1,20/01/14 02:59,
ARE YOU GONNA BE MY GIRL,JET,0,1,20/01/14 03:03,
I SAT BY THE OCEAN,QUEENS OF THE STONE AGE,0,1,20/01/14 03:07,
DISSIDENT,PEARL JAM,0,1,20/01/14 03:11,
TIGHTEN UP,THE BLACK KEYS,0,1,20/01/14 03:15,
LET GO,R.A.C. FT. KELE AND MNDR,0,1,20/01/14 03:19,
LOAD ME UP,MATTHEW GOOD,0,1,20/01/14 03:23,
IT'S ABOUT TIME,YOUNG THE GIANT,0,1,20/01/14 03:27,
WHERE IT'S AT,BECK,0,1,20/01/14 03:31,
WHERE IT'S AT,BECK,0,1,20/01/14 03:35,
SWEETNESS,JIMMY EAT WORLD,0,1,20/01/14 03:39,
HEAVEN KNOWS,THE PRETTY RECKLESS,0,1,20/01/14 03:43,
(IF YOU'RE WONDERING IF I WANT YOU TO) I WANT WEEZER TO,WEEZER TO,0,1,20/01/14 03:47,
WAYS TO GO,GROUPLOVE,0,1,20/01/14 03:51,
MASS ROMANTIC,THE NEW PORNOGRAPHERS,0,1,20/01/14 03:55,
LET IT DIE,FOO FIGHTERS,0,1,20/01/14 03:59,
HOT TONIGHT,TOKYO POLICE CLUB,0,1,20/01/14 04:03,
WHAT IT'S LIKE,EVERLAST,0,1,20/01/14 04:07,
HARLEM,NEW POLITICS,0,1,20/01/14 04:11,
GIVE IT AWAY,RED HOT CHILI PEPPERS,0,1,20/01/14 04:15,
LET IT IN,SAM ROBERTS,0,1,20/01/14 04:19,
WAKE ME UP WHEN SEPTEMBER ENDS,GREEN DAY,0,1,20/01/14 04:23,
MOTHER,SAID THE WHALE,0,1,20/01/14 04:27,
SANTERIA,SUBLIME,0,1,20/01/14 04:31,
FOREVER,HAIM,0,1,20/01/14 04:35,
YOU DON'T KNOW WHAT LOVE IS (YOU JUST DO AS THER WHITE STRIPES,THER WHITE STRIPES,0,1,20/01/14 04:39,
COME A LITTLE CLOSER,CAGE THE ELEPHANT,0,1,20/01/14 04:43,
YOUNG BLOOD,THE NAKED AND FAMOUS,0,1,20/01/14 04:47,
HIGH AND DRY,RADIOHEAD,0,1,20/01/14 04:51,
SEX,THE 1975,0,1,20/01/14 04:55,
KEEP THE CAR RUNNING,ARCADE FIRE,0,1,20/01/14 04:59,
TAKE ME OUT,FRANZ FERDINAND,0,1,20/01/14 05:03,
AFRAID,THE NEIGHBOURHOOD,0,1,20/01/14 05:07,
LOSING MY RELIGION,R.E.M.,0,1,20/01/14 05:11,
LOSING MY RELIGION,R.E.M.,0,1,20/01/14 05:15,
FALL IN LOVE,PHANTOGRAM,0,1,20/01/14 05:19,
WHO'S GONNA RIDE YOUR WILD HORSES ,U2,0,1,20/01/14 05:23,
THE LONELY LIFE,CITY COLOUR,0,1,20/01/14 05:27,
THE LONELY LIFE,CITY COLOUR,0,1,20/01/14 05:31,
THE LONELY LIFE,CITY COLOUR,0,1,20/01/14 05:35,
DIANE YOUNG,VAMPIRE WEEKEND,0,1,20/01/14 05:39,
DIANE YOUNG,VAMPIRE WEEKEND,0,1,20/01/14 05:43,
SEMI-CHARMED LIFE,THIRD EYE BLIND,0,1,20/01/14 05:47,
SEMI-CHARMED LIFE,THIRD EYE BLIND,0,1,20/01/14 05:51,
SEMI-CHARMED LIFE,THIRD EYE BLIND,0,1,20/01/14 05:55,
NEXT GIRL,BLACK KEYS,0,1,20/01/14 05:59,
OUT OF MY LEAGUE,FITZ THE TANTRUMS,0,1,20/01/14 06:03,
OUT OF MY LEAGUE,FITZ THE TANTRUMS,0,1,20/01/14 06:07,
SELLING THE DRAMA,LIVE,0,1,20/01/14 06:11,
SELLING THE DRAMA,LIVE,0,1,20/01/14 06:15,
SELLING THE DRAMA,LIVE,0,1,20/01/14 06:19,
DO I WANNA KNOW ,ARCTIC MONKEYS,0,1,20/01/14 06:23,
THEM KIDS,SAM ROBERTS,0,1,20/01/14 06:27,
HO HEY,THE LUMINEERS,0,1,20/01/14 06:31,
HO HEY,THE LUMINEERS,0,1,20/01/14 06:35,
DASHBOARD,MODEST MOUSE,0,1,20/01/14 06:39,
DASHBOARD,MODEST MOUSE,0,1,20/01/14 06:43,
DASHBOARD,MODEST MOUSE,0,1,20/01/14 06:47,
NEED YOU TONIGHT,INXS,0,1,20/01/14 06:51,
ON PAPER,ARKELLS,0,1,20/01/14 06:55,
TIME OF YOUR LIFE,GREEN DAY,0,1,20/01/14 06:59,
TIME OF YOUR LIFE,GREEN DAY,0,1,20/01/14 07:03,
TIME OF YOUR LIFE,GREEN DAY,0,1,20/01/14 07:07,
TEAM,LORDE,0,1,20/01/14 07:11,
TEAM,LORDE,0,1,20/01/14 07:15,
TEAM,LORDE,0,1,20/01/14 07:19,
TEAM,LORDE,0,1,20/01/14 07:23,
EXODUS OF THE YEAR,ROYAL CANOE,0,1,20/01/14 07:27,
EXODUS OF THE YEAR,ROYAL CANOE,0,1,20/01/14 07:31,
EXODUS OF THE YEAR,ROYAL CANOE,0,1,20/01/14 07:35,
THE ROCKAFELLER SKANK,FATBOY SLIM,0,1,20/01/14 07:39,
THE ROCKAFELLER SKANK,FATBOY SLIM,0,1,20/01/14 07:43,
THE ROCKAFELLER SKANK,FATBOY SLIM,0,1,20/01/14 07:47,
THE ROCKAFELLER SKANK,FATBOY SLIM,0,1,20/01/14 07:51,
SIRENS,PEARL JAM,0,1,20/01/14 07:55,
WHAT I WOULDN'T DO,SERENA RYDER,0,1,20/01/14 07:59,
WHAT I WOULDN'T DO,SERENA RYDER,0,1,20/01/14 08:03,
WHAT I WOULDN'T DO,SERENA RYDER,0,1,20/01/14 08:07,
BEVERLY HILLS,WEEZER,0,1,20/01/14 08:11,
BEVERLY HILLS,WEEZER,0,1,20/01/14 08:16,
BEVERLY HILLS,WEEZER,0,1,20/01/14 08:20,
TEMPLE,KINGS OF LEON,0,1,20/01/14 08:25,
JUST,RADIOHEAD,0,1,20/01/14 08:29,
JUST,RADIOHEAD,0,1,20/01/14 08:33,
JUST,RADIOHEAD,0,1,20/01/14 08:37,
JUST,RADIOHEAD,0,1,20/01/14 08:41,
JUST,RADIOHEAD,0,1,20/01/14 08:45,
ALL THE SMALL THINGS,BLINK-182,0,1,20/01/14 08:49,
VERTIGO,U2,0,1,20/01/14 08:53,
CAMILO (THE MAGICIAN),SAID THE WHALE,0,1,20/01/14 08:57,
CAMILO (THE MAGICIAN),SAID THE WHALE,0,1,20/01/14 09:01,
THE WALKER,FITZ THE TANTRUMS,0,1,20/01/14 09:05,
TODAY,THE SMASHING PUMPKINS,0,1,20/01/14 09:09,
HARD ROAD,SAM ROBERTS,0,1,20/01/14 09:13,
EPIC,FAITH NO MORE,0,1,20/01/14 09:17,
I HEARD I HAD,DEAR ROUGE,0,1,20/01/14 09:21,
I HEARD I HAD,DEAR ROUGE,0,1,20/01/14 09:25,
SUPERSONIC,OASIS,0,1,20/01/14 09:29,
SUPERSONIC,OASIS,0,1,20/01/14 09:33,
MADE OF STEEL,OUR LADY PEACE,0,1,20/01/14 09:37,
MADE OF STEEL,OUR LADY PEACE,0,1,20/01/14 09:41,
I SAT BY THE OCEAN,QUEENS OF THE STONE AGE,0,1,20/01/14 09:45,
INTERSTATE LOVE SONG,STONE TEMPLE PILOTS,0,1,20/01/14 09:49,
FULL CIRCLE,HALF MOON RUN,0,1,20/01/14 09:53,
INVISIBLE,THE ZOLAS,0,1,20/01/14 09:57,
IN BLOOM,NIRVANA,0,1,20/01/14 10:01,
IT'S ABOUT TIME,YOUNG THE GIANT,0,1,20/01/14 10:05,
PICK ME UP,HOLLERADO,0,1,20/01/14 10:09,
WONDERFUL,EVERCLEAR,0,1,20/01/14 10:13,
WONDERFUL,EVERCLEAR,0,1,20/01/14 10:17,
WONDERFUL,EVERCLEAR,0,1,20/01/14 10:21,
WONDERFUL,EVERCLEAR,0,1,20/01/14 10:25,
RADIOACTIVE,IMAGINE DRAGONS,0,1,20/01/14 10:29,
BRAND NEW LOW,TREBLE CHARGER,0,1,20/01/14 10:33,
SEX ON FIRE,KINGS OF LEON,0,1,20/01/14 10:37,
SEX ON FIRE,KINGS OF LEON,0,1,20/01/14 10:41,
HOT TONIGHT,TOKYO POLICE CLUB,0,1,20/01/14 10:45,
GOING WITH YOU,SEBASTIEN GRAINGER,0,1,20/01/14 10:49,
GOING WITH YOU,SEBASTIEN GRAINGER,0,1,20/01/14 10:53,
HELP I'M ALIVE,METRIC,0,1,20/01/14 10:57,
COME A LITTLE CLOSER,CAGE THE ELEPHANT,0,1,20/01/14 11:01,
NO RAIN,BLIND MELON,0,1,20/01/14 11:05,
NO RAIN,BLIND MELON,0,1,20/01/14 11:09,
SOMEBODY TOLD ME,THE KILLERS,0,1,20/01/14 11:13,
AFTERLIFE,ARCADE FIRE,0,1,20/01/14 11:17,
AFTERLIFE,ARCADE FIRE,0,1,20/01/14 11:21,
COME OUT PLAY,THE OFFSPRING,0,1,20/01/14 11:25,
AFRAID,THE NEIGHBOURHOOD,0,1,20/01/14 11:29,
FIFTY-MISSION CAP,THE TRAGICALLY HIP,0,1,20/01/14 11:33,
CLOCKS,COLDPLAY,0,1,20/01/14 11:37,
CLOCKS,COLDPLAY,0,1,20/01/14 11:41,
INFINITESIMAL,MOTHER MOTHER,0,1,20/01/14 11:45,
UNBELIEVERS,VAMPIRE WEEKEND,0,1,20/01/14 11:49,
INSIDE OUT,EVE 6,0,1,20/01/14 11:53,
MARY GO ROUND,SERENA RYDER,0,1,20/01/14 11:57,
EVERLONG,FOO FIGHTERS,0,1,20/01/14 12:01,
CANNIBAL,SILVERSUN PICKUPS,0,1,20/01/14 12:05,
THE WAY IT IS,THE SHEEPDOGS,0,1,20/01/14 12:09,
DO I WANNA KNOW ,ARCTIC MONKEYS,0,1,20/01/14 12:13,
COMIN'HOME,CITY COLOUR,0,1,20/01/14 12:17,
COMIN'HOME,CITY COLOUR,0,1,20/01/14 12:21,
SAFE AND SOUND,CAPITAL CITIES,0,1,20/01/14 12:25,
ALIVE,PEARL JAM,0,1,20/01/14 12:29,
WE'RE ALL IN THIS TOGETHER,SAM ROBERTS,0,1,20/01/14 12:33,
WE'RE ALL IN THIS TOGETHER,SAM ROBERTS,0,1,20/01/14 12:37,
COMING OF AGE,FOSTER THE PEOPLE,0,1,20/01/14 12:41,
DOPE NOSE,WEEZER,0,1,20/01/14 12:45,
DOPE NOSE,WEEZER,0,1,20/01/14 12:49,
DOPE NOSE,WEEZER,0,1,20/01/14 12:53,
SHE WANTS TO KNOW,HALF MOON RUN,0,1,20/01/14 12:57,
SOMEBODY TO SHOVE,SOUL ASYLUM,0,1,20/01/14 13:01,
THE OAF (MY LUCK IS WASTED),BIG WRECK,0,1,20/01/14 13:05,
GOT YOU (WHERE I WANT YOU),THE FLYS,0,1,20/01/14 13:09,
EAT MY BRAIN,THE ODDS,0,1,20/01/14 13:13,
EAT MY BRAIN,THE ODDS,0,1,20/01/14 13:17,
XTC,DEAR GOD,0,1,20/01/14 13:21,
SYMBOLISTIC WHITE WALLS,MATTHEW GOOD,0,1,20/01/14 13:25,
SYMBOLISTIC WHITE WALLS,MATTHEW GOOD,0,1,20/01/14 13:29,
SHINY HAPPY PEOPLE,R.E.M.,0,1,20/01/14 13:33,
SHINY HAPPY PEOPLE,R.E.M.,0,1,20/01/14 13:37,
SPIDERWEBS,NO DOUBT,0,1,20/01/14 13:41,
SPIDERWEBS,NO DOUBT,0,1,20/01/14 13:45,
BABY RAN,54-40,0,1,20/01/14 13:49,
NEARLY LOST YOU,THE SCREAMING TREES,0,1,20/01/14 13:53,
BUST A MOVE,YOUNG MC,0,1,20/01/14 13:57,
BUST A MOVE,YOUNG MC,0,1,20/01/14 14:01,
POMPEII,BASTILLE,0,1,20/01/14 14:05,
ELEVATION,U2,0,1,20/01/14 14:09,
THE WALKER,FITZ THE TANTRUMS,0,1,20/01/14 14:13,
OUT OF MY HEAD,MOBILE,0,1,20/01/14 14:17,
OUT OF MY HEAD,MOBILE,0,1,20/01/14 14:21,
OUT OF MY HEAD,MOBILE,0,1,20/01/14 14:25,
SPOONMAN,SOUNDGARDEN,0,1,20/01/14 14:29,
SPOONMAN,SOUNDGARDEN,0,1,20/01/14 14:33,
SPOONMAN,SOUNDGARDEN,0,1,20/01/14 14:37,
I SAT BY THE OCEAN,QUEENS OF THE STONE AGE,0,1,20/01/14 14:41,
LOSER,BECK,0,1,20/01/14 14:45,
YIN YANG,UBIQUITOUS SYNERGY SEEKER,0,1,20/01/14 14:49,
WELCOME TO PARADISE,GREEN DAY,0,1,20/01/14 14:53,
TAKE IT ON FAITH,MATT MAYS,0,1,20/01/14 14:57,
BY THIS TIME TOMORROW,HEAD OF THE HERD,0,1,20/01/14 15:01,
BY THIS TIME TOMORROW,HEAD OF THE HERD,0,1,20/01/14 15:05,
SMELLS LIKE TEEN SPIRIT,NIRVANA,0,1,20/01/14 15:09,
THE SLO,THE BALCONIES,0,1,20/01/14 15:13,
IT'S ABOUT TIME,YOUNG THE GIANT,0,1,20/01/14 15:17,
IT'S ABOUT TIME,YOUNG THE GIANT,0,1,20/01/14 15:21,
IT'S ABOUT TIME,YOUNG THE GIANT,0,1,20/01/14 15:25,
FLAGPOLE SITTA,HARVEY DANGER,0,1,20/01/14 15:29,
MOTHER,SAID THE WHALE,0,1,20/01/14 15:33,
BEDS ARE BURNING,MIDNIGHT OIL,0,1,20/01/14 15:37,
BEDS ARE BURNING,MIDNIGHT OIL,0,1,20/01/14 15:41,
HOT TONIGHT,TOKYO POLICE CLUB,0,1,20/01/14 15:45,
OH THE BOSS IS COMING,ARKELLS,0,1,20/01/14 15:49,
OH THE BOSS IS COMING,ARKELLS,0,1,20/01/14 15:53,
ALL YOU DID WAS SAVE MY LIFE,OUR LADY PEACE,0,1,20/01/14 15:57,
ALL YOU DID WAS SAVE MY LIFE,OUR LADY PEACE,0,1,20/01/14 16:01,
SCAR TISSUE,RED HOT CHILI PEPPERS,0,1,20/01/14 16:05,
WELCOME,HEY ROSETTA!,0,1,20/01/14 16:10,
COME A LITTLE CLOSER,CAGE THE ELEPHANT,0,1,20/01/14 16:14,
THE CON,TEGAN AND SARA,0,1,20/01/14 16:18,
THE CON,TEGAN AND SARA,0,1,20/01/14 16:22,
THE CON,TEGAN AND SARA,0,1,20/01/14 16:26,
PORK AND BEANS,WEEZER,0,1,20/01/14 16:30,
THE LONELY LIFE,CITY COLOUR,0,1,20/01/14 16:34,
THE LONELY LIFE,CITY COLOUR,0,1,20/01/14 16:38,
TOO MUCH,THE DAVE MATTHEWS BAND,0,1,20/01/14 16:42,
LET'S FALL IN LOVE,MOTHER MOTHER,0,1,20/01/14 16:46,
AFRAID,THE NEIGHBOURHOOD,0,1,20/01/14 16:50,
AFRAID,THE NEIGHBOURHOOD,0,1,20/01/14 16:54,
AFRAID,THE NEIGHBOURHOOD,0,1,20/01/14 16:58,
EXODUS OF THE YEAR,ROYAL CANOE,0,1,20/01/14 17:02,
BE YOURSELF,AUDIOSLAVE,0,1,20/01/14 17:06,
BE YOURSELF,AUDIOSLAVE,0,1,20/01/14 17:10,
I WILL WAIT,MUMFORD SONS,0,1,20/01/14 17:14,
POETS,THE TRAGICALLY HIP,0,1,20/01/14 17:18,
POETS,THE TRAGICALLY HIP,0,1,20/01/14 17:22,
POETS,THE TRAGICALLY HIP,0,1,20/01/14 17:26,
CHAMPAGNE SUPERNOVA,OASIS,0,1,20/01/14 17:30,
CHAMPAGNE SUPERNOVA,OASIS,0,1,20/01/14 17:34,
I FEEL YOU,SAM ROBERTS,0,1,20/01/14 17:38,
I FEEL YOU,SAM ROBERTS,0,1,20/01/14 17:42,
DO I WANNA KNOW ,ARCTIC MONKEYS,0,1,20/01/14 17:46,
BREATHING UNDERWATER,METRIC,0,1,20/01/14 17:50,
BREATHING UNDERWATER,METRIC,0,1,20/01/14 17:54,
BREATHING UNDERWATER,METRIC,0,1,20/01/14 17:58,
GOING WITH YOU,SEBASTIEN GRAINGER,0,1,20/01/14 18:02,
TEAM,LORDE,0,1,20/01/14 18:06,
REBELLION (LIES),ARCADE FIRE,0,1,20/01/14 18:10,
ON TOP OF THE WORLD,IMAGINE DRAGONS,0,1,20/01/14 18:14,
ON TOP OF THE WORLD,IMAGINE DRAGONS,0,1,20/01/14 18:18,
IF SO,ATLAS GENIUS,0,1,20/01/14 18:22,
SOME NIGHTS,FUN.,0,1,20/01/14 18:26,
HOLDING ON FOR LIFE,BROKEN BELLS,0,1,20/01/14 18:30,
I LOVE YOU,SAID THE WHALE,0,1,20/01/14 18:34,
I LOVE YOU,SAID THE WHALE,0,1,20/01/14 18:38,
TEMPLE,KINGS OF LEON,0,1,20/01/14 18:42,
SELF ESTEEM,THE OFFSPRING,0,1,20/01/14 18:46,
I HEARD I HAD,DEAR ROUGE,0,1,20/01/14 18:50,
I HEARD I HAD,DEAR ROUGE,0,1,20/01/14 18:54,
LITTLE BLACK SUBMARINES,THE BLACK KEYS,0,1,20/01/14 18:58,
STARGAZER,THE TEA PARTY,0,1,20/01/14 19:02,
THE WALKER,FITZ THE TANTRUMS,0,1,20/01/14 19:06,
LITHIUM,NIRVANA,0,1,20/01/14 19:10,
LITHIUM,NIRVANA,0,1,20/01/14 19:14,
INDESTRUCTIBLE,MATTHEW GOOD,0,1,20/01/14 19:18,
INDESTRUCTIBLE,MATTHEW GOOD,0,1,20/01/14 19:22,
NUMB,LINKIN PARK,0,1,20/01/14 19:26,
BALLAD OF HUGO CHAVEZ,ARKELLS,0,1,20/01/14 19:30,
MARY GO ROUND,SERENA RYDER,0,1,20/01/14 19:34,
MARY GO ROUND,SERENA RYDER,0,1,20/01/14 19:38,
I SAT BY THE OCEAN,QUEENS OF THE STONE AGE,0,1,20/01/14 19:42,
MACHINEHEAD,BUSH,0,1,20/01/14 19:46,
HEAVEN KNOWS,THE PRETTY RECKLESS,0,1,20/01/14 19:50,
HEAVEN KNOWS,THE PRETTY RECKLESS,0,1,20/01/14 19:54,
AIN'T THAT THE TRUTH,MATT MAYS,0,1,20/01/14 19:58,
LEARN TO FLY,FOO FIGHTERS,0,1,20/01/14 20:02,
HOT TONIGHT,TOKYO POLICE CLUB,0,1,20/01/14 20:06,
HARLEM,NEW POLITICS,0,1,20/01/14 20:10,
LIVING IN A DREAM,FINGER ELEVEN,0,1,20/01/14 20:14,
LIVING IN A DREAM,FINGER ELEVEN,0,1,20/01/14 20:18,
LIVING IN A DREAM,FINGER ELEVEN,0,1,20/01/14 20:22,
LIVING IN A DREAM,FINGER ELEVEN,0,1,20/01/14 20:26,
IT'S ABOUT TIME,YOUNG THE GIANT,0,1,20/01/14 20:30,
AFTERLIFE,ARCADE FIRE,0,1,20/01/14 20:34,
AFTERLIFE,ARCADE FIRE,0,1,20/01/14 20:38,
AFTERLIFE,ARCADE FIRE,0,1,20/01/14 20:42,
SOUR GIRL,STONE TEMPLE PILOTS,0,1,20/01/14 20:46,
FOREVER,HAIM,0,1,20/01/14 20:50,
FOREVER,HAIM,0,1,20/01/14 20:54,
FOREVER,HAIM,0,1,20/01/14 20:58,
FOREVER,HAIM,0,1,20/01/14 21:02,
INVISIBLE,THE ZOLAS,0,1,20/01/14 21:06,
INVISIBLE,THE ZOLAS,0,1,20/01/14 21:10,
SUPERSOAKER,KINGS OF LEON,0,1,20/01/14 21:14,
WHAT I GOT,SUBLIME,0,1,20/01/14 21:18,
COME A LITTLE CLOSER,CAGE THE ELEPHANT,0,1,20/01/14 21:22,
COME A LITTLE CLOSER,CAGE THE ELEPHANT,0,1,20/01/14 21:26,
CLOSER,NINE INCH NAILS,0,1,20/01/14 21:30,
SIMPLY SIMPLE,MOTHER MOTHER,0,1,20/01/14 21:34,
SEVEN NATION ARMY,THE WHITE STRIPES,0,1,20/01/14 21:38,
WE'RE ALL IN THIS TOGETHER (LIVE ACOUSTIC),SAM ROBERTS,0,1,20/01/14 21:42,
WE'RE ALL IN THIS TOGETHER (LIVE ACOUSTIC),SAM ROBERTS,0,1,20/01/14 21:46,
BREAKING THE GIRL,RED HOT CHILI PEPPERS,0,1,20/01/14 21:50,
WHISTLEBLOWER,ARKELLS,0,1,20/01/14 21:54,
FALL IN LOVE,PHANTOGRAM,0,1,20/01/14 21:58,
GIVE UP THE GRUDGE,GOB,0,1,20/01/14 22:02,
AFRAID,THE NEIGHBOURHOOD,0,1,20/01/14 22:06,
UPRISING,MUSE,0,1,20/01/14 22:10,
UPRISING,MUSE,0,1,20/01/14 22:14,
SHE WANTS TO KNOW,HALF MOON RUN,0,1,20/01/14 22:18,
LONDON CALLING,THE CLASH,0,1,20/01/14 22:22,
LONDON CALLING,THE CLASH,0,1,20/01/14 22:26,
COMING OF AGE,FOSTER THE PEOPLE,0,1,20/01/14 22:30,
STOMPA,SERENA RYDER,0,1,20/01/14 22:34,
UNBELIEVERS,VAMPIRE WEEKEND,0,1,20/01/14 22:38,
UNBELIEVERS,VAMPIRE WEEKEND,0,1,20/01/14 22:42,
UNBELIEVERS,VAMPIRE WEEKEND,0,1,20/01/14 22:46,
CANNIBAL,SILVERSUN PICKUPS,0,1,20/01/14 22:50,
CANNIBAL,SILVERSUN PICKUPS,0,1,20/01/14 22:54,
DO I WANNA KNOW ,ARCTIC MONKEYS,0,1,20/01/14 22:58,
MY MUSIC AT WORK,THE TRAGICALLY HIP,0,1,20/01/14 23:02,
THE MIDDLE,JIMMY EAT WORLD,0,1,20/01/14 23:06,
SIRENS,PEARL JAM,0,1,20/01/14 23:10,
NUMB,HOLLY MCNARLAND,0,1,20/01/14 23:14,
